,movieid,openDt,title,genre
0,1,1990,빽투더퓨쳐3,SF
1,2,1990,빽투더퓨쳐2,SF
2,3,1990,파리의여인,드라마
3,4,1990,끌로드부인,드라마
4,5,1990,죽은시인의사회,드라마
5,6,1990,황금광시대,어드벤처
6,7,1990,써커스,드라마
7,8,1990,살인광시대,드라마
8,9,1990,뉴욕의왕,코미디
9,10,1990,있잖아요비밀이에요,드라마
10,11,1990,시네마천국,드라마
11,12,1990,파업전야,드라마
12,13,1990,영심이,드라마
13,14,1990,꿈,멜로/로맨스
14,15,1990,우묵배미의사랑,멜로/로맨스
15,16,1990,아비정전,멜로/로맨스
16,17,1990,드라이빙미스데이지,드라마
17,18,1990,베어,드라마
18,19,1990,비정성시,드라마
19,20,1990,국두,드라마
20,21,1990,불같은약속,범죄
21,22,1990,콘돌,드라마
22,23,1990,사랑과영혼,드라마
23,24,1990,천장지구,액션
24,25,1990,미스틱피자,드라마
25,26,1990,여군외출,드라마
26,27,1990,홍두깨,멜로/로맨스
27,28,1990,마유미,드라마
28,29,1990,니키타,액션
29,30,1990,남부군,드라마
30,31,1990,코쿤,SF
31,32,1990,장군의아들,드라마
32,33,1990,추락하는것은날개가있다,멜로/로맨스
33,34,1990,그들도우리처럼,드라마
34,35,1990,나의사랑나의신부,드라마
35,36,1990,비오는날수채화,드라마
36,37,1990,땡칠이와쌍라이트,SF
37,38,1990,하이랜더,SF
38,39,1990,소오강호,SF
39,40,1990,단지그대가여자라는이유만으로,드라마
40,41,1990,누가붉은장미를꺾었나,드라마
41,42,1990,흑우블랙레인,드라마
42,43,1990,첩혈가두,액션
43,44,1990,천녀유혼2인간도,공포(호러)
44,45,1990,배트맨,액션
45,46,1990,마르셀리노,드라마
46,47,1990,누가로저래빗을모함했나,가족
47,48,1990,지존본색,액션
48,49,1990,닌자거북이,액션
49,50,1990,섹스거짓말그리고비디오테이프,드라마
50,51,1990,가면속의아리아,드라마
51,52,1990,모스키토코스트,드라마
52,53,1990,꼴찌부터일등까지우리반을찾습니다,드라마
53,54,1990,흑사회,드라마
54,55,1990,홍콩연자,멜로/로맨스
55,56,1990,나이트메어비치,공포(호러)
56,57,1990,프랜서,드라마
57,58,1990,포키스,코미디
58,59,1990,강시오복성,공포(호러)
59,60,1990,개인교수2,코미디
60,61,1990,패왕화,액션
61,62,1990,검은도시,범죄
62,63,1990,경천12시,액션
63,64,1990,공작왕2아수라,액션
64,65,1990,관동여협,액션
65,66,1990,구룡대부,액션
66,67,1990,구천동화방,사극
67,68,1990,귀신은사랑을못해,공포(호러)
68,69,1990,귀여운여도적,드라마
69,70,1990,귀여운여인,드라마
70,71,1990,그대눈물이마를때,멜로/로맨스
71,72,1990,그래가끔하늘을보자,드라마
72,73,1990,죽음의승부,액션
73,74,1990,금지된춤,드라마
74,75,1990,토탈리콜,SF
75,76,1990,꼭지딴,드라마
76,77,1990,꽃지,가족
77,78,1990,꿈꾸는식물,멜로/로맨스
78,79,1990,아팟치,액션
79,80,1990,신문,드라마
80,81,1990,소쩍궁탐정,전쟁
81,82,1990,사탄,공포(호러)
82,83,1990,청부살인,액션
83,84,1990,첫사랑,드라마
84,85,1990,마담엠마,액션
85,86,1990,라스트지고로,드라마
86,87,1990,용소자,액션
87,88,1990,대호출격2,액션
88,89,1990,너는나의황홀한지옥,멜로/로맨스
89,90,1990,뉴욕세남자와아기,코미디
90,91,1990,고스트바스터즈2,SF
91,92,1990,복수,액션
92,93,1990,슈퍼맨4,SF
93,94,1990,연분,드라마
94,95,1990,귀타귀90,공포(호러)
95,96,1990,에디,드라마
96,97,1990,폭풍의질주,드라마
97,98,1990,집시,드라마
98,99,1990,카르멘90,뮤지컬
99,100,1990,워킹걸,드라마
100,101,1991,붉은사랑,드라마
101,102,1991,베로니카의이중생활,드라마
102,103,1991,나홀로집에,가족
103,104,1991,서울에비타,드라마
104,105,1991,늑대와춤을,서부극(웨스턴)
105,106,1991,부활의노래,드라마
106,107,1991,신정무문,코미디
107,108,1991,르네의사생활,드라마
108,109,1991,터미네이터23D,액션
109,110,1991,양들의침묵,스릴러
110,111,1991,의적로빈후드,액션
111,112,1991,장군의아들2,드라마
112,113,1991,종횡사해,액션
113,114,1991,비엔나호텔의야간배달부,드라마
114,115,1991,신경쇠약직전의여자,코미디
115,116,1991,산딸기4,사극
116,117,1991,사랑의기적,드라마
117,118,1991,폭풍속으로,액션
118,119,1991,닉크,멜로/로맨스
119,120,1991,델타포스2,액션
120,121,1991,더블반담,액션
121,122,1991,멤피스벨,액션
122,123,1991,인어공주,애니메이션
123,124,1991,아무도모르게,드라마
124,125,1991,아들나라,드라마
125,126,1991,나의왼발,드라마
126,127,1991,은마는오지않는다,드라마
127,128,1991,별이빛나는밤에,드라마
128,129,1991,너에게로또다시,멜로/로맨스
129,130,1991,경마장가는길,드라마
130,131,1991,누가용의발톱을보았는가,드라마
131,132,1991,사의찬미,드라마
132,133,1991,수잔브링크의아리랑,드라마
133,134,1991,혼자도는바람개비,드라마
134,135,1991,열아홉의절망끝에부르는하나의사랑노래,드라마
135,136,1991,도범2,액션
136,137,1991,용형호제2,코미디
137,138,1991,중환영웅,코미디
138,139,1991,황비홍,액션
139,140,1991,천녀유혼3도도도,드라마
140,141,1991,가위손,드라마
141,142,1991,화소도,액션
142,143,1991,엘리게이터2,공포(호러)
143,144,1991,펜트하우스의칼리귤라,드라마
144,145,1991,게이트2,공포(호러)
145,146,1991,개벽,드라마
146,147,1991,귀여운짐승들내가쏘았다,멜로/로맨스
147,148,1991,가디안,공포(호러)
148,149,1991,겨울꿈은날지않는다,멜로/로맨스
149,150,1991,고금소총2,성인물(에로)
150,151,1991,겨울54,드라마
151,152,1991,꿈의구장,드라마
152,153,1991,강시와부시맨,코미디
153,154,1991,그렘린2뉴욕대소동,코미디
154,155,1991,괴마천사,멜로/로맨스
155,156,1991,격정,멜로/로맨스
156,157,1991,귀호,액션
157,158,1991,광란의시간,스릴러
158,159,1991,군자호구,멜로/로맨스
159,160,1991,귀타여걸,액션
160,161,1991,개목걸이,액션
161,162,1991,결혼하는남자,코미디
162,163,1991,귀경출사,코미디
163,164,1991,궁둥이에총을쏜남자,코미디
164,165,1991,강시지존,공포(호러)
165,166,1991,끌로드부인2,드라마
166,167,1991,골빈사나이,코미디
167,168,1991,개심귀,공포(호러)
168,169,1991,갈마,드라마
169,170,1991,검은휘파람,범죄
170,171,1991,끼있는여자는밤이슬을좋아한다,드라마
171,172,1991,꽃그늘속에부는바람,드라마
172,173,1991,해리가한껀잡았을때,액션
173,174,1991,하바나,드라마
174,175,1991,파워게임,액션
175,176,1991,라우라,드라마
176,177,1991,광란의사랑,드라마
177,178,1991,코끝에걸린사나이,액션
178,179,1991,산산이부서진이름이여,드라마
179,180,1991,변신전사트렌스토디,SF
180,181,1991,지존여장,액션
181,182,1991,만종,드라마
182,183,1991,이탈자,액션
183,184,1991,위험한사랑,드라마
184,185,1991,오호장,액션
185,186,1991,열일곱살의쿠데타,드라마
186,187,1991,겨울애마봄,성인물(에로)
187,188,1991,글로리아,전쟁
188,189,1991,굿바이뉴욕굿모닝내사랑,코미디
189,190,1991,어허어이어이가리,드라마
190,191,1991,눈물의웨딩드레스,드라마
191,192,1991,아마조니아,드라마
192,193,1991,사랑을위하여,멜로/로맨스
193,194,1991,집시엔젤,드라마
194,195,1991,지존애림,드라마
195,196,1991,좋은친구들,드라마
196,197,1991,할로윈데이,공포(호러)
197,198,1991,애욕의쟌다리,멜로/로맨스
198,199,1991,샤샤를위하여,드라마
199,200,1991,신칠용주,액션
200,201,1992,토토의천국,드라마
201,202,1992,가유희사,드라마
202,203,1992,빠담풍,드라마
203,204,1992,마농의샘,드라마
204,205,1992,마돈나진실혹은대담,드라마
205,206,1992,쉘부르의우산,멜로/로맨스
206,207,1992,알라딘,애니메이션
207,208,1992,우리들의일그러진영웅,드라마
208,209,1992,하이힐,드라마
209,210,1992,보디가드,멜로/로맨스
210,211,1992,산딸기5,드라마
211,212,1992,세상의모든아침,드라마
212,213,1992,환생,스릴러
213,214,1992,신부의아버지,가족
214,215,1992,벅시,드라마
215,216,1992,인도차이나,드라마
216,217,1992,사랑의행로,드라마
217,218,1992,가슴에돋는칼로슬픔을자르고,드라마
218,219,1992,미녀와야수,애니메이션
219,220,1992,사랑의용기,멜로/로맨스
220,221,1992,세상은살만큼아름답다,드라마
221,222,1992,라스트모히칸,전쟁
222,223,1992,백치애인,드라마
223,224,1992,걸어서하늘까지,드라마
224,225,1992,불행한아이의행복,드라마
225,226,1992,명자아끼꼬쏘냐,드라마
226,227,1992,블루벨벳,드라마
227,228,1992,후라이드그린토마토,드라마
228,229,1992,파앤드어웨이,멜로/로맨스
229,230,1992,연인,멜로/로맨스
230,231,1992,결혼이야기,드라마
231,232,1992,케이프피어,스릴러
232,233,1992,복수혈전,액션
233,234,1992,달은해가꾸는꿈,드라마
234,235,1992,아래층여자와위층남자,코미디
235,236,1992,장군의아들3,액션
236,237,1992,눈꽃,드라마
237,238,1992,그대안의블루,드라마
238,239,1992,하얀전쟁,전쟁
239,240,1992,가을여행,드라마
240,241,1992,김의전쟁,드라마
241,242,1992,겨울연가,드라마
242,243,1992,역사는이렇게시작됐다,드라마
243,244,1992,열쇠,드라마
244,245,1992,엽표행동,범죄
245,246,1992,델리카트슨사람들,코미디
246,247,1992,반고호,드라마
247,248,1992,폴리스스토리3,액션
248,249,1992,퐁네프의연인들,멜로/로맨스
249,250,1992,프린세스브라이드,판타지
250,251,1992,에이리언3,SF
251,252,1992,지존애림2,액션
252,253,1992,노호광,드라마
253,254,1992,사랑한다면이들처럼,드라마
254,255,1992,사랑과슬픔의여로,드라마
255,256,1992,용행천하,액션
256,257,1992,동방불패,액션
257,258,1992,계부3,공포(호러)
258,259,1992,깊은밤깊은곳에2,드라마
259,260,1992,그들만의리그,드라마
260,261,1992,꼴레뜨,드라마
261,262,1992,귀마쌍웅,드라마
262,263,1992,결혼만들기,코미디
263,264,1992,경천여장,액션
264,265,1992,글라디에이터,액션
265,266,1992,구마도장,액션
266,267,1992,깨진거울속의여인들,드라마
267,268,1992,강아지를타고온건달들,코미디
268,269,1992,귀여운악마,드라마
269,270,1992,경망쌍웅,액션
270,271,1992,꼬마천재테이트,드라마
271,272,1992,까뜨린느드느브의추억,드라마
272,273,1992,귀여운바람둥이,코미디
273,274,1992,그아버지에그아들,코미디
274,275,1992,가자왕,액션
275,276,1992,꼬마팬더핑핑,드라마
276,277,1992,겨울만가,드라마
277,278,1992,공룡선생,드라마
278,279,1992,고독한실력자,액션
279,280,1992,가출소년과쌍코대작전,드라마
280,281,1992,가진것없소이다,드라마
281,282,1992,겨울미리내,드라마
282,283,1992,인생이뭐객관식시험인가요,드라마
283,284,1992,헬레이져3,공포(호러)
284,285,1992,헨리의이야기,드라마
285,286,1992,투게더,드라마
286,287,1992,터커,드라마
287,288,1992,크미치스,어드벤처
288,289,1992,아더는영혼을살해했다,드라마
289,290,1992,스톤스콜피온,SF
290,291,1992,사랑의이름으로,드라마
291,292,1992,총각파티,코미디
292,293,1992,분노는오렌지같이파랗다,액션
293,294,1992,천국으로가는장의사,범죄
294,295,1992,진가락,액션
295,296,1992,장닭고교얄개,코미디
296,297,1992,라스트워리어,액션
297,298,1992,이혼하지않은여자,드라마
298,299,1992,둘이합쳐IQ100,코미디
299,300,1992,이블데드3암흑의군단,공포(호러)
300,301,1993,무장원소걸아,액션
301,302,1993,흐르는강물처럼,드라마
302,303,1993,피아노,드라마
303,304,1993,하워즈엔드,드라마
304,305,1993,홍등,드라마
305,306,1993,동성서취,액션
306,307,1993,르네의사생활2,드라마
307,308,1993,캔디맨,공포(호러)
308,309,1993,금지된사랑,드라마
309,310,1993,하우스오브스피리트,드라마
310,311,1993,알라딘,드라마
311,312,1993,클리프행어,스릴러
312,313,1993,크라잉게임,드라마
313,314,1993,블레이드러너파이널컷,SF
314,315,1993,가면의정사,스릴러
315,316,1993,K2,드라마
316,317,1993,검은모자,액션
317,318,1993,서편제,드라마
318,319,1993,복카치오93,드라마
319,320,1993,이혼녀,드라마
320,321,1993,백발마녀전2,멜로/로맨스
321,322,1993,델마와루이스,드라마
322,323,1993,패왕별희,멜로/로맨스
323,324,1993,결혼피로연,드라마
324,325,1993,시애틀의잠못이루는밤,드라마
325,326,1993,여인의향기,드라마
326,327,1993,써머스비,드라마
327,328,1993,로렌조오일,드라마
328,329,1993,시티오브조이,드라마
329,330,1993,시티헌터,액션
330,331,1993,바그다드카페,코미디
331,332,1993,키드캅,드라마
332,333,1993,대도무문,멜로/로맨스
333,334,1993,여자의일생,멜로/로맨스
334,335,1993,바람부는날이면압구정동에가야한다,멜로/로맨스
335,336,1993,투캅스,코미디
336,337,1993,화엄경,드라마
337,338,1993,비오는날수채화2,드라마
338,339,1993,첫사랑,드라마
339,340,1993,집시의시간,드라마
340,341,1993,그섬에가고싶다,드라마
341,342,1993,황비홍3사왕쟁패,사극
342,343,1993,황비홍2,액션
343,344,1993,달콤쌉사름한초콜릿,드라마
344,345,1993,소림사강호영패,액션
345,346,1993,죽음의항로그레이건맨,액션
346,347,1993,백발마녀전,액션
347,348,1993,개그특공대로봇트윈스,애니메이션
348,349,1993,개구쟁이데니스,가족
349,350,1993,그여자그남자,멜로/로맨스
350,351,1993,가두패왕,액션
351,352,1993,가슴달린남자,드라마
352,353,1993,기적의열쇠,공포(호러)
353,354,1993,조슈아트리,액션
354,355,1993,지중해,드라마
355,356,1993,공포의계단,공포(호러)
356,357,1993,거울속의정사,스릴러
357,358,1993,화전희사,코미디
358,359,1993,아마게돈,공포(호러)
359,360,1993,패신져57,액션
360,361,1993,네이웃의아내를탐하지마라,드라마
361,362,1993,독망,액션
362,363,1993,랑데뷰,드라마
363,364,1993,코코뉴욕,드라마
364,365,1993,찬스,멜로/로맨스
365,366,1993,의담비봉,드라마
366,367,1993,정령변,코미디
367,368,1993,4월의유혹,드라마
368,369,1993,사랑과추억의나날,전쟁
369,370,1993,동방불패2,사극
370,371,1993,씨내리,드라마
371,372,1993,독고구검,사극
372,373,1993,사랑의블랙홀,드라마
373,374,1993,동방삼협,SF
374,375,1993,글렌게리글렌로스,드라마
375,376,1993,그리프터스,드라마
376,377,1993,광란의정사,스릴러
377,378,1993,까뜨린느드뇌브의상류사회,드라마
378,379,1993,계엄령,드라마
379,380,1993,고등교육,드라마
380,381,1993,거부하는몸짓으로저하늘을,멜로/로맨스
381,382,1993,금병풍월,멜로/로맨스
382,383,1993,꿈의정사,드라마
383,384,1993,구두가발에맞는다면,코미디
384,385,1993,그대품에아카시아향기,드라마
385,386,1993,꾼사냥,드라마
386,387,1993,가위여자,드라마
387,388,1993,귀도귀,액션
388,389,1993,꾸러기가족,가족
389,390,1993,쥬라기공원,SF
390,391,1993,93강시선생,공포(호러)
391,392,1993,햄스트리트의육일간,드라마
392,393,1993,팝콘,공포(호러)
393,394,1993,트루로맨스,드라마
394,395,1993,톰과제리,애니메이션
395,396,1993,크러쉬,스릴러
396,397,1993,코리헤임의발렌타인보이,코미디
397,398,1993,심사관2제공,코미디
398,399,1993,스나이퍼,드라마
399,400,1993,수호전지영웅본색,액션
400,401,1994,나쁜피,드라마
401,402,1994,게임의법칙,드라마
402,403,1994,데미지,드라마
403,404,1994,세가지색레드,드라마
404,405,1994,세가지색화이트,드라마
405,406,1994,세가지색블루,드라마
406,407,1994,절대사랑,멜로/로맨스
407,408,1994,귀주이야기,드라마
408,409,1994,프리윌리,드라마
409,410,1994,천장지구2,액션
410,411,1994,마누라죽이기,드라마
411,412,1994,쉰들러리스트,드라마
412,413,1994,향혼녀,드라마
413,414,1994,머나먼여정,가족
414,415,1994,화혼,드라마
415,416,1994,산딸기6,멜로/로맨스
416,417,1994,칼리토,드라마
417,418,1994,그린파파야향기,드라마
418,419,1994,포레스트검프,드라마
419,420,1994,라이온킹,애니메이션
420,421,1994,올란도,드라마
421,422,1994,내책상위의천사,드라마
422,423,1994,음식남녀,드라마
423,424,1994,전함포템킨,드라마
424,425,1994,증발,미스터리
425,426,1994,순수의시대,드라마
426,427,1994,누드모델,드라마
427,428,1994,아비와아기,액션
428,429,1994,칠삭동이의설중매,드라마
429,430,1994,두여자이야기,드라마
430,431,1994,너에게나를보낸다,드라마
431,432,1994,태백산맥,드라마
432,433,1994,세상밖으로,드라마
433,434,1994,젊은남자,드라마
434,435,1994,장미빛인생,드라마
435,436,1994,구미호,SF
436,437,1994,이세상끝까지,SF
437,438,1994,길버트그레이프,드라마
438,439,1994,헐리우드키드의생애,드라마
439,440,1994,첩혈남아,범죄
440,441,1994,계약커플,드라마
441,442,1994,팡팡,드라마
442,443,1994,거꾸로가는여자,드라마
443,444,1994,검노,드라마
444,445,1994,깐느의밤은깊어,드라마
445,446,1994,과외수업,드라마
446,447,1994,금지옥엽,코미디
447,448,1994,광동오호,액션
448,449,1994,공포의데몬스2,공포(호러)
449,450,1994,광란의168시간,드라마
450,451,1994,고군,드라마
451,452,1994,네이키드,드라마
452,453,1994,라이따이한,드라마
453,454,1994,무거운새,드라마
454,455,1994,불의태양,액션
455,456,1994,비는사랑을타고,드라마
456,457,1994,슈퍼차일드,애니메이션
457,458,1994,암흑가의황제,액션
458,459,1994,위험한커플,범죄
459,460,1994,촉목경심,드라마
460,461,1994,어메이징닌자,액션
461,462,1994,적나고양2,드라마
462,463,1994,미란다8요일의여자,멜로/로맨스
463,464,1994,어린연인,드라마
464,465,1994,오사카의푸른밤,드라마
465,466,1994,장미의나날,스릴러
466,467,1994,천하대장군,사극
467,468,1994,커피카피코피,드라마
468,469,1994,태양속의남자,드라마
469,470,1994,한줌의시간속에서,드라마
470,471,1994,비버리힐빌리즈,코미디
471,472,1994,이본느의향기,드라마
472,473,1994,네번의결혼식과한번의장례식,드라마
473,474,1994,겟어웨이끝없는도주,드라마
474,475,1994,관동군제8포로수용소,드라마
475,476,1994,나는소망한다내게금지된것을,드라마
476,477,1994,구품지마관,코미디
477,478,1994,기밀중안,액션
478,479,1994,끝없는사랑,드라마
479,480,1994,가라데키드,가족
480,481,1994,골든볼,코미디
481,482,1994,그남자의방그여자의집,코미디
482,483,1994,골든게이트,드라마
483,484,1994,길티,드라마
484,485,1994,귀여운빌리,코미디
485,486,1994,꿈꾸는사람들,드라마
486,487,1994,그녀의마음깊은곳에,드라마
487,488,1994,결혼이야기2,드라마
488,489,1994,패리스트라웃,드라마
489,490,1994,그리움엔이유가없다,드라마
490,491,1994,킬러나이트,액션
491,492,1994,LA여신,드라마
492,493,1994,여자가사랑을훔칠때,드라마
493,494,1994,위험한증거,스릴러
494,495,1994,이원적관능,멜로/로맨스
495,496,1994,붉은전사,드라마
496,497,1994,펜타트론,드라마
497,498,1994,이노센트,드라마
498,499,1994,노스트라다무스,드라마
499,500,1994,그래서나는도끼부인과결혼했다,코미디
500,501,1995,뮤리엘의웨딩,코미디
501,502,1995,가을의전설,멜로/로맨스
502,503,1995,사랑에관한짧은필름,드라마
503,504,1995,중경삼림,드라마
504,505,1995,타락천사,드라마
505,506,1995,쇼걸,드라마
506,507,1995,당신이잠든사이에,코미디
507,508,1995,마스카라,멜로/로맨스
508,509,1995,화평본위,드라마
509,510,1995,인생,드라마
510,511,1995,불멸의연인,드라마
511,512,1995,007골든아이,액션
512,513,1995,매디슨카운티의다리,멜로/로맨스
513,514,1995,301302,공포(호러)
514,515,1995,서유기월광보합,코미디
515,516,1995,아름다운청년전태일,드라마
516,517,1995,파리넬리,드라마
517,518,1995,구름속의산책,드라마
518,519,1995,레옹,액션
519,520,1995,언더씨즈2,액션
520,521,1995,숀코네리의함정,스릴러
521,522,1995,세븐,범죄
522,523,1995,토이스토리,애니메이션
523,524,1995,트윈픽스,미스터리
524,525,1995,사랑하기좋은날,멜로/로맨스
525,526,1995,노란손수건,멜로/로맨스
526,527,1995,스위티,코미디
527,528,1995,무궁화꽃이피었습니다,드라마
528,529,1995,말미잘,드라마
529,530,1995,천국보다낯선,드라마
530,531,1995,쿵후선생,드라마
531,532,1995,러브어페어,멜로/로맨스
532,533,1995,옥보단,판타지
533,534,1995,매드니스,공포(호러)
534,535,1995,테러리스트,액션
535,536,1995,개같은날의오후,드라마
536,537,1995,쇼생크탈출,드라마
537,538,1995,무소의뿔처럼혼자서가라,드라마
538,539,1995,닥터봉,코미디
539,540,1995,낮은목소리아시아에서여성으로산다는것,다큐멘터리
540,541,1995,런어웨이,액션
541,542,1995,누가나를미치게하는가,코미디
542,543,1995,애정만세,드라마
543,544,1995,영원한제국,미스터리
544,545,1995,남자는괴로워,코미디
545,546,1995,올레이디두잇,성인물(에로)
546,547,1995,금옥만당,코미디
547,548,1995,희생,드라마
548,549,1995,미키루크의FTW,드라마
549,550,1995,소낙비,사극
550,551,1995,디바,드라마
551,552,1995,텐더니스,공포(호러)
552,553,1995,하베스트,스릴러
553,554,1995,꿈이지나간자리,드라마
554,555,1995,굿캅스,액션
555,556,1995,애증의심판,스릴러
556,557,1995,딥다운,스릴러
557,558,1995,마담캅스,액션
558,559,1995,푸에르토에스콘디도,범죄
559,560,1995,샤도우체이서2,액션
560,561,1995,밴디트퀸,드라마
561,562,1995,불사신,액션
562,563,1995,가정교사,멜로/로맨스
563,564,1995,페이백,스릴러
564,565,1995,하이랜더3,액션
565,566,1995,백조공주,애니메이션
566,567,1995,솔져보이,액션
567,568,1995,에릭로버츠의불사조,범죄
568,569,1995,배드채널,SF
569,570,1995,영웅,액션
570,571,1995,그여자의숨소리,성인물(에로)
571,572,1995,공포의럼펄스킨,공포(호러)
572,573,1995,꼬마유령캐스퍼,판타지
573,574,1995,그냥파봤어,코미디
574,575,1995,고금소총3,성인물(에로)
575,576,1995,글로리아입의캣츠,액션
576,577,1995,고공침투,액션
577,578,1995,동사서독,사극
578,579,1995,흔들리는영웅,드라마
579,580,1995,판도라의상자,코미디
580,581,1995,게릴라,액션
581,582,1995,터미널포스,SF
582,583,1995,퀵앤데드,서부극(웨스턴)
583,584,1995,심판,스릴러
584,585,1995,소나기,가족
585,586,1995,베스트오브베스트3,액션
586,587,1995,둘이합쳐IQ1002,코미디
587,588,1995,대통령의연인,멜로/로맨스
588,589,1995,온니유,코미디
589,590,1995,흑설,드라마
590,591,1995,팀버튼의크리스마스악몽,애니메이션
591,592,1995,포카혼타스,애니메이션
592,593,1995,돈을갖고튀어라,코미디
593,594,1995,금홍아금홍아,사극
594,595,1995,엠마뉴엘2,드라마
595,596,1995,네온속으로노을지다,드라마
596,597,1995,유덕화의도망자,액션
597,598,1995,헤어드레서,코미디
598,599,1995,콩고,어드벤처
599,600,1995,레이피스트,드라마
600,601,1996,하얀노을,멜로/로맨스
601,602,1996,레닌그라드카우보이미국에가다,코미디
602,603,1996,세친구,드라마
603,604,1996,본투킬,액션
604,605,1996,내친구의집은어디인가,드라마
605,606,1996,1996뽕,멜로/로맨스
606,607,1996,거미의계략,드라마
607,608,1996,저수지의개들,범죄
608,609,1996,랜드앤프리덤,전쟁
609,610,1996,아름다운비행,가족
610,611,1996,돼지가우물에빠진날,드라마
611,612,1996,축제,드라마
612,613,1996,미지왕,코미디
613,614,1996,야반가성,멜로/로맨스
614,615,1996,보스,액션
615,616,1996,지독한사랑,멜로/로맨스
616,617,1996,제인에어,멜로/로맨스
617,618,1996,비포선라이즈,멜로/로맨스
618,619,1996,스타메이커,코미디
619,620,1996,일포스티노,드라마
620,621,1996,라스트맨스탠딩,액션
621,622,1996,데이라잇,액션
622,623,1996,페드라,드라마
623,624,1996,유주얼서스펙트,범죄
624,625,1996,히트,액션
625,626,1996,닉슨,드라마
626,627,1996,나의아름다운세탁소,드라마
627,628,1996,이레이저헤드,공포(호러)
628,629,1996,알바트로스,전쟁
629,630,1996,천년금애,드라마
630,631,1996,커리지언더파이어,전쟁
631,632,1996,센스앤센서빌리티,드라마
632,633,1996,리차드3세,드라마
633,634,1996,학생부군신위,드라마
634,635,1996,꽃잎,드라마
635,636,1996,박봉곤가출사건,멜로/로맨스
636,637,1996,은행나무침대,판타지
637,638,1996,진짜사나이,코미디
638,639,1996,유리,드라마
639,640,1996,쉘로우그레이브,드라마
640,641,1996,투캅스2,코미디
641,642,1996,아기공룡둘리얼음별대모험,애니메이션
642,643,1996,잃어버린아이들의도시,SF
643,644,1996,바베트의만찬,드라마
644,645,1996,안개속의풍경,드라마
645,646,1996,열화전차,액션
646,647,1996,로미오와줄리엣,멜로/로맨스
647,648,1996,헤븐스프리즈너,드라마
648,649,1996,소년소녀를만나다,드라마
649,650,1996,트뤼프,코미디
650,651,1996,퍼블릭에너미NO1,드라마
651,652,1996,환희,사극
652,653,1996,굿바이마이프렌드,드라마
653,654,1996,걸식스,코미디
654,655,1996,철마류가두살수,액션
655,656,1996,깡패수업,액션
656,657,1996,성룡의폴리스스토리4,액션
657,658,1996,하드타겟,액션
658,659,1996,비밀과거짓말,드라마
659,660,1996,미션임파서블,액션
660,661,1996,글라스케이지,드라마
661,662,1996,모험왕,어드벤처
662,663,1996,화니와알렉산더,드라마
663,664,1996,흑협,액션
664,665,1996,구름저편에,드라마
665,666,1996,고스트앤다크니스,액션
666,667,1996,고스트맘마,멜로/로맨스
667,668,1996,자연의아이들,드라마
668,669,1996,글리머맨,액션
669,670,1996,고양이와개에관한진실,코미디
670,671,1996,귀천도,사극
671,672,1996,고혹녀,액션
672,673,1996,가면속의정사,드라마
673,674,1996,금병매,성인물(에로)
674,675,1996,깊숙한유혹,성인물(에로)
675,676,1996,겟쇼티,코미디
676,677,1996,꼬마돼지베이브,가족
677,678,1996,헤븐스티어,드라마
678,679,1996,피노키오의모험,뮤지컬
679,680,1996,프로테우스,SF
680,681,1996,타슌가,서부극(웨스턴)
681,682,1996,노스탤지아,드라마
682,683,1996,그들만의세상,멜로/로맨스
683,684,1996,퀘스트,액션
684,685,1996,체인리액션,액션
685,686,1996,채널식스나인,드라마
686,687,1996,일루션,공포(호러)
687,688,1996,레이더스96,액션
688,689,1996,위드인더락,SF
689,690,1996,나이트러닝맨,액션
690,691,1996,나에게오라,액션
691,692,1996,너희가재즈를믿느냐,멜로/로맨스
692,693,1996,내일로흐르는강,드라마
693,694,1996,101달마시안,가족
694,695,1996,레드라인,액션
695,696,1996,드래곤투카,드라마
696,697,1996,싸이렌나잇,드라마
697,698,1996,타임마스터,SF
698,699,1996,레인보우,코미디
699,700,1996,업클로즈앤퍼스널,멜로/로맨스
700,701,1997,바리케이드,드라마
701,702,1997,내남자친구의결혼식,멜로/로맨스
702,703,1997,살인에관한짧은필름,범죄
703,704,1997,난중일기,사극
704,705,1997,올리브나무사이로,드라마
705,706,1997,접속,멜로/로맨스
706,707,1997,제국,사극
707,708,1997,나쁜영화,드라마
708,709,1997,샤인,드라마
709,710,1997,퍼니게임,공포(호러)
710,711,1997,초록물고기,드라마
711,712,1997,3인조,액션
712,713,1997,킹덤,공포(호러)
713,714,1997,비브르사비,드라마
714,715,1997,낮은목소리2,다큐멘터리
715,716,1997,불안은영혼을잠식한다,드라마
716,717,1997,에비타,드라마
717,718,1997,라빠르망,멜로/로맨스
718,719,1997,빅나이트,드라마
719,720,1997,쥴앤짐,드라마
720,721,1997,로스트하이웨이,드라마
721,722,1997,모텔선인장,멜로/로맨스
722,723,1997,제리맥과이어,드라마
723,724,1997,잉글리쉬페이션트,멜로/로맨스
724,725,1997,어느멋진날,멜로/로맨스
725,726,1997,안토니아스라인,드라마
726,727,1997,넘버3,코미디
727,728,1997,비트,액션
728,729,1997,편지,멜로/로맨스
729,730,1997,올가미,공포(호러)
730,731,1997,할렐루야,코미디
731,732,1997,패자부활전,멜로/로맨스
732,733,1997,내안에우는바람,드라마
733,734,1997,증오,드라마
734,735,1997,시간은오래지속된다,드라마
735,736,1997,황비홍의서역웅사,액션
736,737,1997,위선의태양,드라마
737,738,1997,블랙잭,미스터리
738,739,1997,알비노앨리게이터,스릴러
739,740,1997,데블스오운,미스터리
740,741,1997,필링미네소타,드라마
741,742,1997,애니깽,드라마
742,743,1997,글로리아두케,드라마
743,744,1997,KK훼미리리스트,범죄
744,745,1997,배트맨앤로빈,액션
745,746,1997,체인지,코미디
746,747,1997,너티프로페서,코미디
747,748,1997,마젠타의숲,드라마
748,749,1997,에어포스원,드라마
749,750,1997,스탈린그라드최후의전투,전쟁
750,751,1997,퍼팩트타겟,액션
751,752,1997,킬링타켓,액션
752,753,1997,섀도우프로그램,액션
753,754,1997,아가씨와건달들,코미디
754,755,1997,살롱키티,드라마
755,756,1997,야수의날,공포(호러)
756,757,1997,억수탕3pmParadise,코미디
757,758,1997,불새,멜로/로맨스
758,759,1997,표류일기,가족
759,760,1997,제5원소,SF
760,761,1997,마르셀의여름,가족
761,762,1997,검으나땅에희나백성,드라마
762,763,1997,꽃을든남자,멜로/로맨스
763,764,1997,고스트파트너,코미디
764,765,1997,그는나에게지타를아느냐고물었다,멜로/로맨스
765,766,1997,캘리포니아,드라마
766,767,1997,빅폴,액션
767,768,1997,화이어다운,액션
768,769,1997,화이어,드라마
769,770,1997,풍월,드라마
770,771,1997,파트너,액션
771,772,1997,콜리야,드라마
772,773,1997,코카서스의죄수,드라마
773,774,1997,애딕티드러브,코미디
774,775,1997,뽀네뜨,가족
775,776,1997,빠드레빠드로네,드라마
776,777,1997,비즈니스어페어,드라마
777,778,1997,죠지왕의광기,드라마
778,779,1997,머홀랜드폴스,범죄
779,780,1997,맥시멈리스크,스릴러
780,781,1997,인베이더,SF
781,782,1997,떼시스,스릴러
782,783,1997,두호통집범,액션
783,784,1997,웰레스앤그로밋,애니메이션
784,785,1997,요제연담,드라마
785,786,1997,와일드,액션
786,787,1997,옥보단2,성인물(에로)
787,788,1997,오이디프스,드라마
788,789,1997,예스터데이타겟,SF
789,790,1997,창노는계집창,드라마
790,791,1997,똑바로살아라,범죄
791,792,1997,멀티플리시티,SF
792,793,1997,마리아와여인숙,드라마
793,794,1997,여란대혹형,사극
794,795,1997,컨스피러시,미스터리
795,796,1997,에브리원세즈아이러브유,멜로/로맨스
796,797,1997,마이티아프로디테,코미디
797,798,1997,카메론디아즈의섹시블루,코미디
798,799,1997,카마수트라,드라마
799,800,1997,스위트룸,드라마
800,801,1998,남자의향기,멜로/로맨스
801,802,1998,이보다더좋을순없다,코미디
802,803,1998,해피투게더,드라마
803,804,1998,체리향기,드라마
804,805,1998,그리고삶은계속된다,다큐멘터리
805,806,1998,해가서쪽에서뜬다면,멜로/로맨스
806,807,1998,조용한가족,드라마
807,808,1998,첫사랑,드라마
808,809,1998,나는네가지난여름에한일을알고있다,공포(호러)
809,810,1998,뤽베송의택시,범죄
810,811,1998,메이드인홍콩,드라마
811,812,1998,재키브라운,드라마
812,813,1998,칼라송,드라마
813,814,1998,8월의크리스마스,멜로/로맨스
814,815,1998,황혼에서새벽까지,공포(호러)
815,816,1998,킹덤2,공포(호러)
816,817,1998,트루먼쇼,드라마
817,818,1998,키카,드라마
818,819,1998,벅스라이프,애니메이션
819,820,1998,십이야,사극
820,821,1998,에너미오브스테이트,드라마
821,822,1998,퇴마록,SF
822,823,1998,타이타닉,드라마
823,824,1998,굿윌헌팅,드라마
824,825,1998,가베,드라마
825,826,1998,뮬란,애니메이션
826,827,1998,기막힌사내들,드라마
827,828,1998,풀몬티,드라마
828,829,1998,약속,멜로/로맨스
829,830,1998,에일리언4,SF
830,831,1998,데드맨,드라마
831,832,1998,여름이야기,드라마
832,833,1998,록키호러픽쳐쇼,공포(호러)
833,834,1998,처녀들의저녁식사,드라마
834,835,1998,정사,드라마
835,836,1998,미술관옆동물원,드라마
836,837,1998,노킹온헤븐스도어,드라마
837,838,1998,여고괴담,공포(호러)
838,839,1998,강원도의힘,드라마
839,840,1998,크리스마스에눈이내리면,드라마
840,841,1998,바이준,드라마
841,842,1998,아라비아의로렌스,드라마
842,843,1998,생과부위자료청구소송,드라마
843,844,1998,로리타,드라마
844,845,1998,크리스마스엔눈이올까요,드라마
845,846,1998,다크시티,SF
846,847,1998,투캅스3,액션
847,848,1998,모넬라,멜로/로맨스
848,849,1998,하나비,드라마
849,850,1998,지옥의챔피온,액션
850,851,1998,라스트서랜더,액션
851,852,1998,굿모닝스쿨,코미디
852,853,1998,금지옥엽2,코미디
853,854,1998,007제18편네버다이,액션
854,855,1998,난이상한사람과결혼했다,애니메이션
855,856,1998,마크다카스코스의일급비밀,액션
856,857,1998,리젼,액션
857,858,1998,메이데이,스릴러
858,859,1998,식스데이세븐나잇,액션
859,860,1998,더게임,미스터리
860,861,1998,스카시티,스릴러
861,862,1998,시티오브엔젤,드라마
862,863,1998,리쎌웨폰4,범죄
863,864,1998,카스카듀어,액션
864,865,1998,블러드라인,스릴러
865,866,1998,이방인,멜로/로맨스
866,867,1998,유브갓메일,멜로/로맨스
867,868,1998,롤랜드에머릭의디스트럭션,SF
868,869,1998,비지터2,가족
869,870,1998,아이스스톰,드라마
870,871,1998,스피시즈2,SF
871,872,1998,프라퍼시2,공포(호러)
872,873,1998,얼지마죽지마부활할거야,드라마
873,874,1998,흑금,스릴러
874,875,1998,유로파유로파,드라마
875,876,1998,파리의늑대인간,공포(호러)
876,877,1998,마르셀의추억,드라마
877,878,1998,까,드라마
878,879,1998,고질라,SF
879,880,1998,고티,드라마
880,881,1998,고수,사극
881,882,1998,투타이어드투다이,드라마
882,883,1998,햇빛쏟아지던날들,드라마
883,884,1998,개미,애니메이션
884,885,1998,어글리,공포(호러)
885,886,1998,친니친니,멜로/로맨스
886,887,1998,선체이서,드라마
887,888,1998,빈,코미디
888,889,1998,미끼,드라마
889,890,1998,도신불패,액션
890,891,1998,다크앤젤,공포(호러)
891,892,1998,낫씽투루즈,범죄
892,893,1998,옥보단3,코미디
893,894,1998,빌머레이의못말리는첩보원,범죄
894,895,1998,비버리힐스닌자,액션
895,896,1998,엠마,멜로/로맨스
896,897,1998,LA컨피덴셜,드라마
897,898,1998,왝더독,코미디
898,899,1998,러브러브,멜로/로맨스
899,900,1998,아름다운시절,드라마
900,901,1999,러브레터,멜로/로맨스
901,902,1999,매트릭스,SF
902,903,1999,여고괴담두번째이야기,공포(호러)
903,904,1999,링,공포(호러)
904,905,1999,송어,드라마
905,906,1999,해피엔드,멜로/로맨스
906,907,1999,스크림,공포(호러)
907,908,1999,벨벳골드마인,드라마
908,909,1999,인정사정볼것없다,액션
909,910,1999,쉬리,액션
910,911,1999,노팅힐,멜로/로맨스
911,912,1999,라이브플래쉬,드라마
912,913,1999,이지라이더,범죄
913,914,1999,용가리,SF
914,915,1999,레미제라블,드라마
915,916,1999,병속에담긴편지,드라마
916,917,1999,성월동화,드라마
917,918,1999,엔트랩먼트,범죄
918,919,1999,토이스토리2,애니메이션
919,920,1999,레이닝스톤,드라마
920,921,1999,웨스트사이드스토리,뮤지컬
921,922,1999,내마음의풍금,멜로/로맨스
922,923,1999,스텝맘,드라마
923,924,1999,파이트클럽,액션
924,925,1999,세익스피어인러브,드라마
925,926,1999,유령,액션
926,927,1999,인생은아름다워,드라마
927,928,1999,아이니아이워,멜로/로맨스
928,929,1999,텔미썸딩,스릴러
929,930,1999,카라,멜로/로맨스
930,931,1999,주유소습격사건,코미디
931,932,1999,간첩리철진,코미디
932,933,1999,태양은없다,드라마
933,934,1999,화이트발렌타인,멜로/로맨스
934,935,1999,슬램,범죄
935,936,1999,카사블랑카,드라마
936,937,1999,링,공포(호러)
937,938,1999,벌이날다,드라마
938,939,1999,욕망의모호한대상,드라마
939,940,1999,검은고양이흰고양이,코미디
940,941,1999,나라야마부시코,드라마
941,942,1999,슬픔은그대가슴에,드라마
942,943,1999,제너럴,범죄
943,944,1999,유에스씰,액션
944,945,1999,닥터두리틀,코미디
945,946,1999,갱릴레이션,범죄
946,947,1999,원터프캅,액션
947,948,1999,패치아담스,코미디
948,949,1999,장군의딸,범죄
949,950,1999,벨로시티트랩,SF
950,951,1999,303연쇄살인사건,공포(호러)
951,952,1999,시빌액션,드라마
952,953,1999,스텔스2000,액션
953,954,1999,인페르노,액션
954,955,1999,천왕지왕2000,코미디
955,956,1999,라이트하우스,공포(호러)
956,957,1999,비트시티,액션
957,958,1999,랜덤하트,드라마
958,959,1999,터뷸런스2,액션
959,960,1999,심플플랜,범죄
960,961,1999,킹코브라,공포(호러)
961,962,1999,리전에어,액션
962,963,1999,포스오브네이처,코미디
963,964,1999,유리의성,멜로/로맨스
964,965,1999,신장개업,코미디
965,966,1999,소무,드라마
966,967,1999,넬리앤아르노,드라마
967,968,1999,이재수의난,사극
968,969,1999,이연걸의히트맨,액션
969,970,1999,가방속의8머리,코미디
970,971,1999,경찰서를털어라,코미디
971,972,1999,그들만의계절,코미디
972,973,1999,가든오브에덴,드라마
973,974,1999,부기나이트,드라마
974,975,1999,트로미오와줄리엣,코미디
975,976,1999,쓰리시즌,드라마
976,977,1999,스톰캣처,범죄
977,978,1999,닥터K,드라마
978,979,1999,인터셉터포스,액션
979,980,1999,유니버설솔저그두번째임무,SF
980,981,1999,글로리아,범죄
981,982,1999,마요네즈,가족
982,983,1999,노랑머리,드라마
983,984,1999,밴디트,드라마
984,985,1999,아프리카아프리카,드라마
985,986,1999,책상서랍속의동화,드라마
986,987,1999,캐릭터,드라마
987,988,1999,반생연,멜로/로맨스
988,989,1999,헨드릭스,공포(호러)
989,990,1999,함정,스릴러
990,991,1999,정크메일,코미디
991,992,1999,코만도해밀턴,액션
992,993,1999,천사들이꿈꾸는세상,드라마
993,994,1999,록스탁앤2스모킹배럴즈,범죄
994,995,1999,질주,드라마
995,996,1999,캐리2,공포(호러)
996,997,1999,환영특공,액션
997,998,1999,플래시드,공포(호러)
998,999,1999,카리스마,액션
999,1000,1999,블레어윗치,공포(호러)
1000,1001,2000,버팔로66,코미디
1001,1002,2000,유U571,액션
1002,1003,2000,동감,멜로/로맨스
1003,1004,2000,섬,드라마
1004,1005,2000,공동경비구역JSA,드라마
1005,1006,2000,화양연화,드라마
1006,1007,2000,바스켓볼다이어리,범죄
1007,1008,2000,반칙왕,코미디
1008,1009,2000,리플리,범죄
1009,1010,2000,목요일,액션
1010,1011,2000,내어머니의모든것,코미디
1011,1012,2000,죽거나혹은나쁘거나,드라마
1012,1013,2000,인랑,스릴러
1013,1014,2000,링21999년일본판,공포(호러)
1014,1015,2000,불가사리,SF
1015,1016,2000,쟌다르크,사극
1016,1017,2000,낮은목소리3숨결,다큐멘터리
1017,1018,2000,소년은울지않는다,드라마
1018,1019,2000,박하사탕,드라마
1019,1020,2000,미션투마스,SF
1020,1021,2000,쉘위댄스,멜로/로맨스
1021,1022,2000,하나의선택,드라마
1022,1023,2000,러브오브시베리아,멜로/로맨스
1023,1024,2000,하나그리고둘,드라마
1024,1025,2000,무사쥬베이,애니메이션
1025,1026,2000,글루미선데이,드라마
1026,1027,2000,진혼곡,공포(호러)
1027,1028,2000,환타지아2000,애니메이션
1028,1029,2000,킬리만자로,액션
1029,1030,2000,불후의명작,드라마
1030,1031,2000,춘향뎐春香傳,드라마
1031,1032,2000,플란다스의개,드라마
1032,1033,2000,시월애,멜로/로맨스
1033,1034,2000,뉴욕의가을,드라마
1034,1035,2000,필로우북,멜로/로맨스
1035,1036,2000,공포택시,드라마
1036,1037,2000,리베라메,드라마
1037,1038,2000,산책,가족
1038,1039,2000,순애보,멜로/로맨스
1039,1040,2000,행복한장의사,드라마
1040,1041,2000,청춘,드라마
1041,1042,2000,물고기자리,드라마
1042,1043,2000,진실게임,스릴러
1043,1044,2000,오수정,멜로/로맨스
1044,1045,2000,4월이야기,멜로/로맨스
1045,1046,2000,오스틴파워제로,코미디
1046,1047,2000,아나키스트,사극
1047,1048,2000,비천무,사극
1048,1049,2000,바람계곡의나우시카,애니메이션
1049,1050,2000,인터뷰,멜로/로맨스
1050,1051,2000,열정의제국,공포(호러)
1051,1052,2000,포르노그래픽어페어,멜로/로맨스
1052,1053,2000,가위,공포(호러)
1053,1054,2000,감각의제국,드라마
1054,1055,2000,철도원,가족
1055,1056,2000,대학로에서매춘하다가토막살해당한여고생아직대학로에있다,SF
1056,1057,2000,트라이어드,드라마
1057,1058,2000,퍼펙어쌔신,액션
1058,1059,2000,애나벨청스토리,다큐멘터리
1059,1060,2000,랜덤파이어델타포스,액션
1060,1061,2000,미션,액션
1061,1062,2000,쓰리킹즈,전쟁
1062,1063,2000,로망스,멜로/로맨스
1063,1064,2000,아이즈와이드셧,드라마
1064,1065,2000,6번째날,SF
1065,1066,2000,우견아랑2,액션
1066,1067,2000,인사이더,스릴러
1067,1068,2000,에어콘트롤,코미디
1068,1069,2000,사이먼세즈,액션
1069,1070,2000,언더프레셔,액션
1070,1071,2000,신밧드2000,애니메이션
1071,1072,2000,레드플래닛,SF
1072,1073,2000,식스티세컨즈,액션
1073,1074,2000,배니싱트윈,미스터리
1074,1075,2000,서브웨이,범죄
1075,1076,2000,종합병원천일동안,드라마
1076,1077,2000,아름다운사람들,코미디
1077,1078,2000,마지막전투,SF
1078,1079,2000,거짓말,멜로/로맨스
1079,1080,2000,컷런스딥,액션
1080,1081,2000,빅마마하우스,코미디
1081,1082,2000,집으로가는길,드라마
1082,1083,2000,언더더선,드라마
1083,1084,2000,깡패수업3,액션
1084,1085,2000,스트라이커,드라마
1085,1086,2000,걸온더브릿지,드라마
1086,1087,2000,매그놀리아,드라마
1087,1088,2000,암전,범죄
1088,1089,2000,젠엑스캅,스릴러
1089,1090,2000,그녀를보기만해도알수있는것,드라마
1090,1091,2000,고스트독,액션
1091,1092,2000,그라운드콘트롤,스릴러
1092,1093,2000,극속전설,액션
1093,1094,2000,그림속나의마을,드라마
1094,1095,2000,그린치,코미디
1095,1096,2000,굿바이러버,범죄
1096,1097,2000,결전,액션
1097,1098,2000,겜블,범죄
1098,1099,2000,개달리다,액션
1099,1100,2000,깡패법칙,액션
1100,1101,2001,성냥공장소녀,드라마
1101,1102,2001,아멜리에,코미디
1102,1103,2001,파이란,드라마
1103,1104,2001,고양이를부탁해,드라마
1104,1105,2001,부킹쏘나타,코미디
1105,1106,2001,무사,드라마
1106,1107,2001,부에나비스타소셜클럽,다큐멘터리
1107,1108,2001,해리포터와마법사의돌,가족
1108,1109,2001,분노의질주,범죄
1109,1110,2001,빌리엘리어트,가족
1110,1111,2001,브리짓존스의일기,멜로/로맨스
1111,1112,2001,번지점프를하다,드라마
1112,1113,2001,와이키키브라더스,드라마
1113,1114,2001,반지의제왕반지원정대,드라마
1114,1115,2001,엽기적인그녀,코미디
1115,1116,2001,메멘토,미스터리
1116,1117,2001,지옥의묵시록리덕스,전쟁
1117,1118,2001,고추말리기,드라마
1118,1119,2001,봄날은간다,드라마
1119,1120,2001,엑소시스트2000,공포(호러)
1120,1121,2001,이웃집토토로,애니메이션
1121,1122,2001,어둠속의댄서,드라마
1122,1123,2001,멀홀랜드드라이브,드라마
1123,1124,2001,스코어,드라마
1124,1125,2001,AI,SF
1125,1126,2001,캐논인버스,드라마
1126,1127,2001,타인의취향,코미디
1127,1128,2001,스트레이트스토리,드라마
1128,1129,2001,화산고,액션
1129,1130,2001,진주만,드라마
1130,1131,2001,원더풀라이프,드라마
1131,1132,2001,왓위민원트,멜로/로맨스
1132,1133,2001,몬스터주식회사,애니메이션
1133,1134,2001,나도아내가있었으면좋겠다,드라마
1134,1135,2001,천국의아이들,드라마
1135,1136,2001,수취인불명,드라마
1136,1137,2001,달마야놀자,코미디
1137,1138,2001,하루,드라마
1138,1139,2001,인디안썸머,드라마
1139,1140,2001,흑수선,액션
1140,1141,2001,라이방,드라마
1141,1142,2001,친구,드라마
1142,1143,2001,나비,SF
1143,1144,2001,신라의달밤,코미디
1144,1145,2001,눈물,드라마
1145,1146,2001,두사부일체,코미디
1146,1147,2001,조폭마누라,코미디
1147,1148,2001,소름,공포(호러)
1148,1149,2001,선물,드라마
1149,1150,2001,킬러들의수다,코미디
1150,1151,2001,모넬라2,드라마
1151,1152,2001,히로시마내사랑,드라마
1152,1153,2001,물랑루즈,멜로/로맨스
1153,1154,2001,키스오브드래곤,액션
1154,1155,2001,타임리스멜로디,드라마
1155,1156,2001,1850길로틴트레지디,드라마
1156,1157,2001,데블스워닝,액션
1157,1158,2001,둠즈데이어,액션
1158,1159,2001,다크프린스,공포(호러)
1159,1160,2001,파이터블루,액션
1160,1161,2001,코렐리의만돌린,드라마
1161,1162,2001,엔젤아이즈,드라마
1162,1163,2001,북경자전거,드라마
1163,1164,2001,우먼오브더나잇,스릴러
1164,1165,2001,닥터두리틀2,코미디
1165,1166,2001,너스베티,스릴러
1166,1167,2001,체리폴스,미스터리
1167,1168,2001,키드,드라마
1168,1169,2001,북오브섀도우,공포(호러)
1169,1170,2001,쥬라기공원3,SF
1170,1171,2001,레인디어게임,액션
1171,1172,2001,드리븐,드라마
1172,1173,2001,기사윌리엄,액션
1173,1174,2001,아메리칸스윗하트,드라마
1174,1175,2001,프라핏게임,드라마
1175,1176,2001,쿠스코쿠스코,애니메이션
1176,1177,2001,바운스,드라마
1177,1178,2001,아들의방,가족
1178,1179,2001,초콜릿,멜로/로맨스
1179,1180,2001,꽃섬,드라마
1180,1181,2001,교도소월드컵,코미디
1181,1182,2001,그녀에게잠들다,멜로/로맨스
1182,1183,2001,광시곡,액션
1183,1184,2001,가면학원,드라마
1184,1185,2001,그레이올,드라마
1185,1186,2001,간장선생,코미디
1186,1187,2001,게임오버,액션
1187,1188,2001,고추불패,드라마
1188,1189,2001,더야드,범죄
1189,1190,2001,한니발,공포(호러)
1190,1191,2001,포켓몬스터2루기아의탄생,가족
1191,1192,2001,건달의법칙,액션
1192,1193,2001,트래픽,드라마
1193,1194,2001,고해,드라마
1194,1195,2001,서브머지드,공포(호러)
1195,1196,2001,씨커,범죄
1196,1197,2001,별주부해로,애니메이션
1197,1198,2001,베로니카,멜로/로맨스
1198,1199,2001,버티컬리미트,드라마
1199,1200,2001,7인의새벽,액션
1200,1201,2002,연애소설,드라마
1201,1202,2002,취화선,드라마
1202,1203,2002,어바웃어보이,드라마
1203,1204,2002,폰,공포(호러)
1204,1205,2002,마리이야기,애니메이션
1205,1206,2002,바람이우리를데려다주리라,드라마
1206,1207,2002,아프리카,드라마
1207,1208,2002,버스정류장,드라마
1208,1209,2002,후아유,드라마
1209,1210,2002,YMCA야구단,드라마
1210,1211,2002,반지의제왕두개의탑,액션
1211,1212,2002,일단뛰어,액션
1212,1213,2002,워크투리멤버,멜로/로맨스
1213,1214,2002,배틀로얄,드라마
1214,1215,2002,케이티,드라마
1215,1216,2002,집으로,드라마
1216,1217,2002,성냥팔이소녀의재림,SF
1217,1218,2002,복수는나의것,범죄
1218,1219,2002,피아노치는대통령,드라마
1219,1220,2002,해리포터와비밀의방,드라마
1220,1221,2002,낙타들,드라마
1221,1222,2002,뽀삐,드라마
1222,1223,2002,블레이드2,액션
1223,1224,2002,아이스에이지,애니메이션
1224,1225,2002,블리트,액션
1225,1226,2002,K19,드라마
1226,1227,2002,새는폐곡선을그린다,드라마
1227,1228,2002,밀애,드라마
1228,1229,2002,디아더스,미스터리
1229,1230,2002,2009로스트메모리즈,SF
1230,1231,2002,위워솔저스,전쟁
1231,1232,2002,공각기동대,SF
1232,1233,2002,생활의발견,드라마
1233,1234,2002,피도눈물도없이,드라마
1234,1235,2002,기쿠지로의여름,코미디
1235,1236,2002,헤드윅,뮤지컬
1236,1237,2002,공공의적,범죄
1237,1238,2002,오아시스,드라마
1238,1239,2002,나쁜남자,드라마
1239,1240,2002,일장춘몽,드라마
1240,1241,2002,아유레디,액션
1241,1242,2002,라이터를켜라,코미디
1242,1243,2002,가문의영광,코미디
1243,1244,2002,로드무비,드라마
1244,1245,2002,하얀방,공포(호러)
1245,1246,2002,광복절특사,드라마
1246,1247,2002,정글쥬스,액션
1247,1248,2002,달이지고비가옵니다,다큐멘터리
1248,1249,2002,본아이덴티티,액션
1249,1250,2002,화성의유령들,공포(호러)
1250,1251,2002,피아니스트,드라마
1251,1252,2002,색즉시공,코미디
1252,1253,2002,죽어도좋아,드라마
1253,1254,2002,결혼은미친짓이다,드라마
1254,1255,2002,해적디스코왕되다,드라마
1255,1256,2002,중독,멜로/로맨스
1256,1257,2002,품행제로,코미디
1257,1258,2002,챔피언,드라마
1258,1259,2002,모탈트랜스퍼,코미디
1259,1260,2002,센과치히로의행방불명,애니메이션
1260,1261,2002,타임머신,SF
1261,1262,2002,미워도다시한번2002,드라마
1262,1263,2002,오션스일레븐,범죄
1263,1264,2002,빵과장미,드라마
1264,1265,2002,아귀레신의분노,어드벤처
1265,1266,2002,둘하나섹스,드라마
1266,1267,2002,위대한비상,다큐멘터리
1267,1268,2002,패닉룸,스릴러
1268,1269,2002,차일드콜렉터,스릴러
1269,1270,2002,방라잔,액션
1270,1271,2002,어페어오브더넥클리스,드라마
1271,1272,2002,하드캐쉬,범죄
1272,1273,2002,노바디,액션
1273,1274,2002,스타워즈에피소드2클론의습격,SF
1274,1275,2002,고스포드파크,드라마
1275,1276,2002,13고스트,공포(호러)
1276,1277,2002,오스틴파워골드멤버,코미디
1277,1278,2002,좋은걸어떡해,멜로/로맨스
1278,1279,2002,하트의전쟁,전쟁
1279,1280,2002,이투마마,드라마
1280,1281,2002,제이앤사일런트밥,어드벤처
1281,1282,2002,세션나인,공포(호러)
1282,1283,2002,로얄테넌바움,코미디
1283,1284,2002,유아데드,드라마
1284,1285,2002,에어패닉,액션
1285,1286,2002,본즈,공포(호러)
1286,1287,2002,묻지마패밀리,액션
1287,1288,2002,H에이치,스릴러
1288,1289,2002,비밀,드라마
1289,1290,2002,마르티나,드라마
1290,1291,2002,ABC아프리카,다큐멘터리
1291,1292,2002,촉산전,액션
1292,1293,2002,휴먼네이쳐,코미디
1293,1294,2002,풀타임킬러,액션
1294,1295,2002,아이언레이디,코미디
1295,1296,2002,글래스하우스,스릴러
1296,1297,2002,그남자는거기없었다,스릴러
1297,1298,2002,건블라스트보드카,코미디
1298,1299,2002,걸스온탑,코미디
1299,1300,2002,꿈속의여인,코미디
1300,1301,2003,올드보이,스릴러
1301,1302,2003,장화홍련,공포(호러)
1302,1303,2003,영어완전정복,드라마
1303,1304,2003,러브액츄얼리,멜로/로맨스
1304,1305,2003,링0버스데이,공포(호러)
1305,1306,2003,이도공간,스릴러
1306,1307,2003,파프롬헤븐,드라마
1307,1308,2003,청풍명월淸風明月,액션
1308,1309,2003,바람난가족,드라마
1309,1310,2003,반지의제왕왕의귀환,판타지
1310,1311,2003,지구를지켜라,코미디
1311,1312,2003,펀치드렁크러브,멜로/로맨스
1312,1313,2003,원더풀데이즈,애니메이션
1313,1314,2003,살인의추억,스릴러
1314,1315,2003,킬빌,액션
1315,1316,2003,레전드오브리타,드라마
1316,1317,2003,굿바이레닌,드라마
1317,1318,2003,28일후,공포(호러)
1318,1319,2003,영웅,사극
1319,1320,2003,선생김봉두,코미디
1320,1321,2003,대한민국헌법제1조,코미디
1321,1322,2003,마스터앤드커맨더위대한정복자,전쟁
1322,1323,2003,내가여자가된날,드라마
1323,1324,2003,니모를찾아서,애니메이션
1324,1325,2003,클래식,드라마
1325,1326,2003,선택,드라마
1326,1327,2003,스캔들조선남녀상열지사,사극
1327,1328,2003,돌스,멜로/로맨스
1328,1329,2003,엑스텐션,공포(호러)
1329,1330,2003,시카고,뮤지컬
1330,1331,2003,8마일,드라마
1331,1332,2003,ing,드라마
1332,1333,2003,택시3,코미디
1333,1334,2003,조폭마누라2돌아온전설,액션
1334,1335,2003,불어라봄바람,코미디
1335,1336,2003,황산벌,코미디
1336,1337,2003,위대한유산,코미디
1337,1338,2003,천년호,멜로/로맨스
1338,1339,2003,실미도,전쟁
1339,1340,2003,동갑내기과외하기,코미디
1340,1341,2003,국화꽃향기,드라마
1341,1342,2003,오해피데이,코미디
1342,1343,2003,나비,드라마
1343,1344,2003,화성으로간사나이,드라마
1344,1345,2003,와일드카드,범죄
1345,1346,2003,여고괴담세번째이야기여우계단,공포(호러)
1346,1347,2003,거울속으로,공포(호러)
1347,1348,2003,바람의검신선조,사극
1348,1349,2003,카우보이비밥천국의문,애니메이션
1349,1350,2003,봄여름가을겨울그리고봄,드라마
1350,1351,2003,싱글즈,코미디
1351,1352,2003,냉정과열정사이,멜로/로맨스
1352,1353,2003,맛있는섹스그리고사랑,드라마
1353,1354,2003,오세암,애니메이션
1354,1355,2003,비디오를보는남자,드라마
1355,1356,2003,무간도2혼돈의시대,범죄
1356,1357,2003,질투는나의힘,드라마
1357,1358,2003,무간도,액션
1358,1359,2003,사랑의시간,드라마
1359,1360,2003,그녀에게,멜로/로맨스
1360,1361,2003,낭만자객,코미디
1361,1362,2003,깝스,코미디
1362,1363,2003,밀레니엄맘보,드라마
1363,1364,2003,나크,범죄
1364,1365,2003,모노노케히메,애니메이션
1365,1366,2003,고양이의보은,애니메이션
1366,1367,2003,붉은돼지,애니메이션
1367,1368,2003,쇼쇼쇼ShowShowShow,멜로/로맨스
1368,1369,2003,케이펙스,판타지
1369,1370,2003,동해물과백두산이,코미디
1370,1371,2003,피아니스트,드라마
1371,1372,2003,튜브,액션
1372,1373,2003,봄날의곰을좋아하세요,드라마
1373,1374,2003,내츄럴시티,SF
1374,1375,2003,남남북녀,코미디
1375,1376,2003,해피에로크리스마스,드라마
1376,1377,2003,이중간첩,스릴러
1377,1378,2003,오브라더스,코미디
1378,1379,2003,정사,드라마
1379,1380,2003,헤드오버힐스,멜로/로맨스
1380,1381,2003,핫칙,코미디
1381,1382,2003,터크에버래스팅,가족
1382,1383,2003,트윈이펙트,액션
1383,1384,2003,언세드,스릴러
1384,1385,2003,신이버린특공대,액션
1385,1386,2003,스파이키드2,SF
1386,1387,2003,엠퍼러스클럽,드라마
1387,1388,2003,나의그리스식웨딩,멜로/로맨스
1388,1389,2003,토끼울타리,어드벤처
1389,1390,2003,싸이퍼,스릴러
1390,1391,2003,음양사,드라마
1391,1392,2003,프린세스블레이드,액션
1392,1393,2003,메달리온,액션
1393,1394,2003,캐치미이프유캔,드라마
1394,1395,2003,갈갈이패밀리와드라큐라,코미디
1395,1396,2003,돌이킬수없는,스릴러
1396,1397,2003,스위밍풀,드라마
1397,1398,2003,갱스오브뉴욕,드라마
1398,1399,2003,기묘한이야기,공포(호러)
1399,1400,2003,검은물밑에서,공포(호러)
1400,1401,2004,자토이치,액션
1401,1402,2004,천년여우,스릴러
1402,1403,2004,범죄의재구성,스릴러
1403,1404,2004,빅피쉬,판타지
1404,1405,2004,해리포터와아즈카반의죄수,드라마
1405,1406,2004,나두야간다,코미디
1406,1407,2004,욕망,드라마
1407,1408,2004,태극기휘날리며,전쟁
1408,1409,2004,하나와앨리스,드라마
1409,1410,2004,2046,드라마
1410,1411,2004,노트북,멜로/로맨스
1411,1412,2004,조제호랑이그리고물고기들,드라마
1412,1413,2004,클레멘타인,액션
1413,1414,2004,착신아리,공포(호러)
1414,1415,2004,몬스터,드라마
1415,1416,2004,효자동이발사,드라마
1416,1417,2004,마법경찰갈갈이와옥동자,코미디
1417,1418,2004,아들,드라마
1418,1419,2004,바람의전설,드라마
1419,1420,2004,영원과하루,드라마
1420,1421,2004,말죽거리잔혹사,액션
1421,1422,2004,연인,멜로/로맨스
1422,1423,2004,베른의기적,드라마
1423,1424,2004,신부수업,드라마
1424,1425,2004,어린신부,코미디
1425,1426,2004,인어공주,드라마
1426,1427,2004,역도산,드라마
1427,1428,2004,귀여워,드라마
1428,1429,2004,룩앳미,드라마
1429,1430,2004,거미숲,미스터리
1430,1431,2004,아는여자,드라마
1431,1432,2004,송환,다큐멘터리
1432,1433,2004,나쁜교육,드라마
1433,1434,2004,이프온리,코미디
1434,1435,2004,팜므파탈,범죄
1435,1436,2004,콜드마운틴,전쟁
1436,1437,2004,인크레더블,애니메이션
1437,1438,2004,하류인생,액션
1438,1439,2004,라스트사무라이,액션
1439,1440,2004,사마리아,드라마
1440,1441,2004,쉘위댄스,드라마
1441,1442,2004,진주귀걸이를한소녀,드라마
1442,1443,2004,비포선셋,드라마
1443,1444,2004,이노센스,애니메이션
1444,1445,2004,스쿨오브락,코미디
1445,1446,2004,폴라익스프레스,애니메이션
1446,1447,2004,내머리속의지우개,멜로/로맨스
1447,1448,2004,첫키스만50번째,코미디
1448,1449,2004,발레교습소,드라마
1449,1450,2004,모두하고있습니까,코미디
1450,1451,2004,그여름가장조용한바다,드라마
1451,1452,2004,오페라의유령,뮤지컬
1452,1453,2004,세상의중심에서사랑을외치다,멜로/로맨스
1453,1454,2004,패션오브크라이스트,드라마
1454,1455,2004,벨리오브비스트,액션
1455,1456,2004,마이제너레이션,드라마
1456,1457,2004,내셔널트레져,액션
1457,1458,2004,트로이,사극
1458,1459,2004,귀신이산다,코미디
1459,1460,2004,투모로우,SF
1460,1461,2004,바람의파이터,액션
1461,1462,2004,아이로봇,SF
1462,1463,2004,S다이어리,코미디
1463,1464,2004,나비효과,드라마
1464,1465,2004,반헬싱,액션
1465,1466,2004,여선생VS여제자,코미디
1466,1467,2004,달마야서울가자,코미디
1467,1468,2004,블레이드3,액션
1468,1469,2004,분신사바,공포(호러)
1469,1470,2004,콜래트럴,액션
1470,1471,2004,돈텔파파,코미디
1471,1472,2004,꽃피는봄이오면,드라마
1472,1473,2004,우리형,드라마
1473,1474,2004,맹부삼천지교,코미디
1474,1475,2004,내남자의로맨스,드라마
1475,1476,2004,돌려차기,코미디
1476,1477,2004,알포인트,전쟁
1477,1478,2004,슈퍼스타감사용,드라마
1478,1479,2004,브리짓존스의일기2열정과애정,멜로/로맨스
1479,1480,2004,휴먼스테인,드라마
1480,1481,2004,알게될거야,드라마
1481,1482,2004,얼굴없는미녀,스릴러
1482,1483,2004,여자는남자의미래다,드라마
1483,1484,2004,빈집,드라마
1484,1485,2004,가족,드라마
1485,1486,2004,어디선가누군가에무슨일이생기면틀림없이나타난다홍반장,코미디
1486,1487,2004,내여자친구를소개합니다,멜로/로맨스
1487,1488,2004,그녀를믿지마세요,코미디
1488,1489,2004,내사랑싸가지,코미디
1489,1490,2004,고독이몸부림칠때,코미디
1490,1491,2004,늑대의유혹,드라마
1491,1492,2004,아라한장풍대작전,액션
1492,1493,2004,쓰리몬스터,공포(호러)
1493,1494,2004,목포는항구다,드라마
1494,1495,2004,령,공포(호러)
1495,1496,2004,시실리2km,코미디
1496,1497,2004,신석기블루스,코미디
1497,1498,2004,빙우,드라마
1498,1499,2004,누구나비밀은있다,코미디
1499,1500,2004,투가이즈,코미디
1500,1501,2005,과거가없는남자,코미디
1501,1502,2005,카페뤼미에르,드라마
1502,1503,2005,달콤한인생,액션
1503,1504,2005,내생애가장아름다운일주일,멜로/로맨스
1504,1505,2005,에로스,드라마
1505,1506,2005,안녕형아,드라마
1506,1507,2005,광식이동생광태,코미디
1507,1508,2005,몽정기2,코미디
1508,1509,2005,그때그사람들,미스터리
1509,1510,2005,릴리슈슈의모든것,드라마
1510,1511,2005,해리포터와불의잔,액션
1511,1512,2005,클로저,멜로/로맨스
1512,1513,2005,지금만나러갑니다,드라마
1513,1514,2005,시티오브갓,드라마
1514,1515,2005,배트맨비긴즈,범죄
1515,1516,2005,너는내운명,멜로/로맨스
1516,1517,2005,몽상가들,드라마
1517,1518,2005,친절한금자씨,스릴러
1518,1519,2005,댄서의순정,드라마
1519,1520,2005,청연,드라마
1520,1521,2005,웰컴투동막골,전쟁
1521,1522,2005,왕후심청,애니메이션
1522,1523,2005,형사Duelist,멜로/로맨스
1523,1524,2005,소년천국에가다,드라마
1524,1525,2005,갇힌여인,드라마
1525,1526,2005,더독,액션
1526,1527,2005,코러스,드라마
1527,1528,2005,인게이지먼트,드라마
1528,1529,2005,밀리언달러베이비,드라마
1529,1530,2005,미스터소크라테스,액션
1530,1531,2005,왕의남자,드라마
1531,1532,2005,뉴폴리스스토리,액션
1532,1533,2005,피와뼈,드라마
1533,1534,2005,당신이사랑하는동안에,드라마
1534,1535,2005,아무도모른다,드라마
1535,1536,2005,빛나는거짓,드라마
1536,1537,2005,콘스탄틴,드라마
1537,1538,2005,킹덤오브헤븐,액션
1538,1539,2005,B형남자친구,코미디
1539,1540,2005,분홍신,공포(호러)
1540,1541,2005,연애술사,멜로/로맨스
1541,1542,2005,샤크,애니메이션
1542,1543,2005,남극일기,스릴러
1543,1544,2005,강력3반,액션
1544,1545,2005,쿵푸허슬,코미디
1545,1546,2005,키다리아저씨,드라마
1546,1547,2005,파송송계란탁,코미디
1547,1548,2005,마파도,코미디
1548,1549,2005,연애의목적,드라마
1549,1550,2005,박수칠때떠나라,드라마
1550,1551,2005,가발,공포(호러)
1551,1552,2005,러브토크,멜로/로맨스
1552,1553,2005,연애,드라마
1553,1554,2005,사랑니,멜로/로맨스
1554,1555,2005,혈의누,스릴러
1555,1556,2005,주먹이운다CryingFist,드라마
1556,1557,2005,외출,멜로/로맨스
1557,1558,2005,공공의적2,드라마
1558,1559,2005,무영검,액션
1559,1560,2005,말아톤,드라마
1560,1561,2005,종려나무숲,드라마
1561,1562,2005,오로라공주,범죄
1562,1563,2005,용서받지못한자,드라마
1563,1564,2005,여자정혜,드라마
1564,1565,2005,태풍,드라마
1565,1566,2005,나는나를파괴할권리가있다,드라마
1566,1567,2005,킹콩,드라마
1567,1568,2005,간큰가족,코미디
1568,1569,2005,가문의위기가문의영광2,코미디
1569,1570,2005,미스터주부퀴즈왕,코미디
1570,1571,2005,애인,멜로/로맨스
1571,1572,2005,야수와미녀,코미디
1572,1573,2005,잠복근무,코미디
1573,1574,2005,천군,액션
1574,1575,2005,사우스스트리트의소매치기,액션
1575,1576,2005,스왈로우테일버터플라이,드라마
1576,1577,2005,올리버트위스트,드라마
1577,1578,2005,목두기비디오,미스터리
1578,1579,2005,이터널선샤인,멜로/로맨스
1579,1580,2005,태풍태양,드라마
1580,1581,2005,이대로죽을순없다ShortTime,코미디
1581,1582,2005,폼포코너구리대작전,애니메이션
1582,1583,2005,신화진시황릉의비밀,액션
1583,1584,2005,파랑주의보,드라마
1584,1585,2005,신주쿠여고생납치사건완전한사육,드라마
1585,1586,2005,사랑해말순씨,드라마
1586,1587,2005,내미국삼촌,드라마
1587,1588,2005,로렌조의밤,드라마
1588,1589,2005,인디스월드,드라마
1589,1590,2005,첼로홍미주일가살인사건,공포(호러)
1590,1591,2005,녹색의자,드라마
1591,1592,2005,작업의정석,코미디
1592,1593,2005,칠검,액션
1593,1594,2005,6월의일기,드라마
1594,1595,2005,새드무비,드라마
1595,1596,2005,나의결혼원정기,드라마
1596,1597,2005,불안,드라마
1597,1598,2005,로드오브워,액션
1598,1599,2005,천리마축구단,다큐멘터리
1599,1600,2005,우주전쟁,드라마
1600,1601,2006,수면의과학,코미디
1601,1602,2006,황혼의빛,드라마
1602,1603,2006,타짜,드라마
1603,1604,2006,음란서생,사극
1604,1605,2006,미녀는괴로워,멜로/로맨스
1605,1606,2006,연리지,멜로/로맨스
1606,1607,2006,아이스케키,드라마
1607,1608,2006,구미호가족,코미디
1608,1609,2006,여교수의은밀한매력,코미디
1609,1610,2006,사생결단,액션
1610,1611,2006,아치와씨팍,애니메이션
1611,1612,2006,한반도,드라마
1612,1613,2006,라디오스타,드라마
1613,1614,2006,더차일드,드라마
1614,1615,2006,히든,스릴러
1615,1616,2006,보리밭을흔드는바람,드라마
1616,1617,2006,가족의탄생,드라마
1617,1618,2006,고마운사람,
1618,1619,2006,해변의여인,드라마
1619,1620,2006,괴물,SF
1620,1621,2006,짝패,액션
1621,1622,2006,판의미로오필리아와세개의열쇠,드라마
1622,1623,2006,식스틴블럭,액션
1623,1624,2006,퍼펙트스트레인저,스릴러
1624,1625,2006,브로크백마운틴,드라마
1625,1626,2006,귀향,드라마
1626,1627,2006,방문자,드라마
1627,1628,2006,무인곽원갑,액션
1628,1629,2006,스텝업,멜로/로맨스
1629,1630,2006,호텔르완다,드라마
1630,1631,2006,게이샤의추억,드라마
1631,1632,2006,망종,드라마
1632,1633,2006,타임투리브,드라마
1633,1634,2006,위대한탄생,드라마
1634,1635,2006,커피와담배,드라마
1635,1636,2006,비열한거리,액션
1636,1637,2006,악마는프라다를입는다,드라마
1637,1638,2006,스승의은혜,공포(호러)
1638,1639,2006,아랑,공포(호러)
1639,1640,2006,다케시즈,코미디
1640,1641,2006,매치포인트,멜로/로맨스
1641,1642,2006,노스컨츄리,드라마
1642,1643,2006,데스노트,범죄
1643,1644,2006,시간,드라마
1644,1645,2006,조용한세상,드라마
1645,1646,2006,우리들의행복한시간,드라마
1646,1647,2006,구타유발자들,코미디
1647,1648,2006,마이캡틴김대출,코미디
1648,1649,2006,거룩한계보,드라마
1649,1650,2006,열혈남아,드라마
1650,1651,2006,누가그녀와잤을까,코미디
1651,1652,2006,삼거리극장,뮤지컬
1652,1653,2006,사랑할때이야기하는것들,멜로/로맨스
1653,1654,2006,구세주,코미디
1654,1655,2006,예의없는것들,액션
1655,1656,2006,투사부일체,코미디
1656,1657,2006,사랑을놓치다,멜로/로맨스
1657,1658,2006,손님은왕이다,드라마
1658,1659,2006,방과후옥상,코미디
1659,1660,2006,로망스,멜로/로맨스
1660,1661,2006,모두들괜찮아요,드라마
1661,1662,2006,달콤살벌한연인,스릴러
1662,1663,2006,피터팬의공식,드라마
1663,1664,2006,도마뱀,멜로/로맨스
1664,1665,2006,국경의남쪽,드라마
1665,1666,2006,2월29일어느날갑자기첫번째이야기,공포(호러)
1666,1667,2006,네번째층어느날갑자기두번째이야기,공포(호러)
1667,1668,2006,플라이대디,드라마
1668,1669,2006,Dday어느날갑자기세번째이야기,공포(호러)
1669,1670,2006,죽음의숲어느날갑자기네번째이야기,공포(호러)
1670,1671,2006,연애그참을수없는가벼움,멜로/로맨스
1671,1672,2006,두뇌유희프로젝트퍼즐,범죄
1672,1673,2006,배낭을멘소년,드라마
1673,1674,2006,디어평양,다큐멘터리
1674,1675,2006,싸움의기술,코미디
1675,1676,2006,다섯번째계절,드라마
1676,1677,2006,천하장사마돈나,드라마
1677,1678,2006,싸이보그지만괜찮아,SF
1678,1679,2006,백만장자의첫사랑,멜로/로맨스
1679,1680,2006,내곁에있어줘,멜로/로맨스
1680,1681,2006,사랑따윈필요없어,멜로/로맨스
1681,1682,2006,각설탕,드라마
1682,1683,2006,홀리데이,드라마
1683,1684,2006,아파트,공포(호러)
1684,1685,2006,아주특별한손님,드라마
1685,1686,2006,퍼햅스러브,뮤지컬
1686,1687,2006,가을로,멜로/로맨스
1687,1688,2006,해바라기,액션
1688,1689,2006,그해여름,멜로/로맨스
1689,1690,2006,다세포소녀,코미디
1690,1691,2006,브레인웨이브,SF
1691,1692,2006,맨발의기봉이,드라마
1692,1693,2006,가문의부활가문의영광3,코미디
1693,1694,2006,공필두,코미디
1694,1695,2006,마음이,드라마
1695,1696,2006,신데렐라,공포(호러)
1696,1697,2006,야수,액션
1697,1698,2006,조폭마누라3,액션
1698,1699,2006,청춘만화,코미디
1699,1700,2006,호로비츠를위하여,드라마
